Year,Total Glacier Area (sq km)
2011,30.594189437703413
2012,30.055982475200068
2013,29.79661546475602
2014,29.821998094882908
2015,29.383450603701128
2016,29.16758709442256
2017,28.88723003072211
2018,28.664378331004237
2019,28.30024931007288
2020,27.96235371634493
2021,27.76796099918113
2022,27.36674803818785
