Year,Total Glacier Area (sq km)
2011,30.57
2012,30.29
2013,30.01
2014,29.729999999999997
2015,29.45
2016,29.17
2017,28.89
2018,28.61
2019,28.33
2020,28.05
2021,27.770000000000003
2022,27.49
